{"text": " perhaps he made up to the party afterwards and took her and his heart at end continued. It was not fear-wise set it over her.", "segments": [{"id": 0, "seek": 0, "start": 0.0, "end": 5.76, "text": " perhaps he made up to the party afterwards and took her and his heart at end continued.", "tokens": [50364, 4317, 415, 1027, 493, 281, 264, 3595, 10543, 293, 1890, 720, 293, 702, 1917, 412, 917, 7014, 13, 50652], "temperature": 0.0, "avg_logprob": -0.35928316374082825, "compression_ratio": 1.2571428571428571, "no_speech_prob": 0.009545719251036644}, {"id": 1, "seek": 0, "start": 5.76, "end": 9.48, "text": " It was not fear-wise set it over her.", "tokens": [50652, 467, 390, 406, 4240, 12, 3711, 992, 309, 670, 720, 13, 50838], "temperature": 0.0, "avg_logprob": -0.35928316374082825, "compression_ratio": 1.2571428571428571, "no_speech_prob": 0.009545719251036644}], "language": "english"}